{"cameraMode":{"drawMode":0,"name":"Shaded","section":"Shading Mode"},"sceneLighting":true,"audioPlay":false,"sceneViewState":{"showFog":true,"showMaterialUpdate":true,"showSkybox":true,"showFlares":true,"showImageEffects":true,"showParticleSystems":true},"in2DMode":false,"pivot":{"x":205.6853790283203,"y":157.92840576171876,"z":-310.7803649902344},"rotation":{"x":0.17849774658679963,"y":-0.6949514150619507,"z":0.1847790628671646,"w":0.67170649766922},"size":242.33714294433595,"orthographic":false}