{"cameraMode":{"drawMode":0,"name":"Shaded","section":"Shading Mode"},"sceneLighting":false,"audioPlay":false,"sceneViewState":{"showFog":false,"showMaterialUpdate":false,"showSkybox":false,"showFlares":false,"showImageEffects":false,"showParticleSystems":false},"in2DMode":false,"pivot":{"x":258.6378173828125,"y":179.14712524414063,"z":-318.9232482910156},"rotation":{"x":0.00797242857515812,"y":0.6507380604743958,"z":-0.00683320639654994,"w":0.7592320442199707},"size":35.88467025756836,"orthographic":false}